day,topic_id,title,x_status,x_posted_at_ist,x_url,linkedin_status,linkedin_posted_at_ist,linkedin_url,notes
1,AI-01,Start with one work loop,posted,2026-08-12T20:15:00+05:30,https://x.com/ruchitdalwadi/status/2087551084936188337,posted,2026-08-12T19:37:00+05:30,https://www.linkedin.com/feed/update/urn:li:activity:7493307165512990720/,Published before the campaign rebuild; preserved as historical evidence.
2,AI-02,Map the handoffs,posted,2026-08-13T19:05:00+05:30,https://x.com/ruchitdalwadi/status/2087895830162501852,posted,2026-08-13T19:26:29+05:30,https://www.linkedin.com/feed/update/urn:li:activity:7493666451229376512/,Published before the campaign rebuild; stable LinkedIn activity URL recovered during the August 14 performance audit; preserved as historical evidence.
3,AI-03,What AI-native actually means,posted,2026-08-14T18:24:58+05:30,https://x.com/ruchitdalwadi/status/2088247867496706536,posted,2026-08-14T19:24:01+05:30,https://www.linkedin.com/feed/update/urn:li:activity:7494028502078427136/,Browser-only X and LinkedIn publishes verified after the 25K LinkedIn pattern rewrite.
4,AI-04,What AI-native is not,pending,,,pending,,,
5,AI-05,AI-assisted versus AI-native,pending,,,pending,,,
6,AI-06,The six-part AI-native loop,pending,,,pending,,,
7,AI-07,A two-minute AI-native test,pending,,,pending,,,
8,AI-08,"The first principle is work, not tools",pending,,,pending,,,
9,AI-09,How an individual becomes AI-native,pending,,,pending,,,
10,AI-10,Build a personal context layer,pending,,,pending,,,
11,AI-11,Turn chats into reusable work,pending,,,pending,,,
12,AI-12,Give AI a permission ladder,pending,,,pending,,,
13,AI-13,Measure personal AI by completed work,pending,,,pending,,,
14,AI-14,Know when not to automate yourself,pending,,,pending,,,
15,AI-15,How a small company starts,pending,,,pending,,,
16,AI-16,The five-person team test,pending,,,pending,,,
17,AI-17,What changes in a growing company,pending,,,pending,,,
18,AI-18,The mid-market integration problem,pending,,,pending,,,
19,AI-19,What enterprises need first,pending,,,pending,,,
20,AI-20,One model does not fit every company stage,pending,,,pending,,,
21,AI-21,The real journey started with scripts,pending,,,pending,,,
22,AI-22,The first problem was fragmented context,pending,,,pending,,,
23,AI-23,From narrow AI call to orchestrated work,pending,,,pending,,,
24,AI-24,Shadow mode came before authority,pending,,,pending,,,
25,AI-25,Approval was designed into the product,pending,,,pending,,,
26,AI-26,More automation created more exceptions,pending,,,pending,,,
27,AI-27,The hub emerged from coordination pain,pending,,,pending,,,
28,AI-28,Publish results with a measurement contract,pending,,,pending,,,
29,AI-29,The KPI stack for AI-native work,pending,,,pending,,,
30,AI-30,"Replace tool functions, not tool logos",pending,,,pending,,,
31,AI-31,When consolidation is worth it,pending,,,pending,,,
32,AI-32,The current hub architecture,pending,,,pending,,,
33,AI-33,Context architecture needs boundaries,pending,,,pending,,,
34,AI-34,Agents need identities and budgets,pending,,,pending,,,
35,AI-35,Memory must include forgetting,pending,,,pending,,,
36,AI-36,Evaluation is part of the architecture,pending,,,pending,,,
37,AI-37,Adoption is a trust problem,pending,,,pending,,,
38,AI-38,The mindset problem is control,pending,,,pending,,,
39,AI-39,Management changes in an AI-native company,pending,,,pending,,,
40,AI-40,Where AI-native work is going,pending,,,pending,,,
